SampleID,SampleDate,MethodCode,StationCode,TowNumber,OrganismCode,ForkLength,SumOfCount,SpecialStudy,WaterTemp,DO,Turbidity,Secchi,GearConditionCode,latitude,longitude
721899,11/12/2024,MWTR,SB018N,6,LFS,61,1,n/a,14.6,9.11,,0.48,1,38.047967,-121.909917
722410,11/21/2024,MWTR,SB018N,1,LFS,0,1,FCCL,12.8,9.35,,0.49,1,38.047967,-121.909917
722410,11/21/2024,MWTR,SB018N,1,LFS,58,1,n/a,12.8,9.35,,0.49,1,38.047967,-121.909917
722410,11/21/2024,MWTR,SB018N,1,LFS,62,1,n/a,12.8,9.35,,0.49,1,38.047967,-121.909917
722410,11/21/2024,MWTR,SB018N,1,LFS,65,1,n/a,12.8,9.35,,0.49,1,38.047967,-121.909917
722410,11/21/2024,MWTR,SB018N,1,LFS,72,1,n/a,12.8,9.35,,0.49,1,38.047967,-121.909917
722422,11/21/2024,MWTR,SB018N,2,LFS,0,2,FCCL,12.9,9.37,,0.48,1,38.047967,-121.909917
722422,11/21/2024,MWTR,SB018N,2,LFS,58,1,n/a,12.9,9.37,,0.48,1,38.047967,-121.909917
722423,11/21/2024,MWTR,SB018N,3,LFS,61,1,n/a,12.8,9.34,,0.52,1,38.047967,-121.909917
722423,11/21/2024,MWTR,SB018N,3,LFS,66,1,n/a,12.8,9.34,,0.52,1,38.047967,-121.909917
722426,11/21/2024,MWTR,SB018N,4,LFS,59,1,n/a,12.8,9.42,,0.46,1,38.047967,-121.909917
722426,11/21/2024,MWTR,SB018N,4,LFS,60,1,n/a,12.8,9.42,,0.46,1,38.047967,-121.909917
722426,11/21/2024,MWTR,SB018N,4,LFS,70,1,n/a,12.8,9.42,,0.46,1,38.047967,-121.909917
722426,11/21/2024,MWTR,SB018N,4,LFS,71,1,n/a,12.8,9.42,,0.46,1,38.047967,-121.909917
722426,11/21/2024,MWTR,SB018N,4,LFS,73,1,n/a,12.8,9.42,,0.46,1,38.047967,-121.909917
722437,11/21/2024,MWTR,SB018M,8,LFS,0,1,FCCL,12.8,9.38,,0.6,1,38.04598,-121.909917
722506,11/25/2024,MWTR,SB018M,9,LFS,98,1,FCCL,12.6,9.66,,0.48,1,38.04598,-121.909917
722506,11/25/2024,MWTR,SB018M,9,LFS,113,1,FCCL,12.6,9.66,,0.48,1,38.04598,-121.909917
722506,11/25/2024,MWTR,SB018M,9,LFS,120,1,FCCL,12.6,9.66,,0.48,1,38.04598,-121.909917
722602,11/26/2024,MWTR,SB018N,7,LFS,61,1,n/a,12.4,9.63,,0.61,1,38.047967,-121.909917
722639,11/27/2024,MWTR,SB018S,1,LFS,0,2,FCCL,11.3,9.14,,0.32,1,38.04283,-121.909917
722649,11/27/2024,MWTR,SB018S,3,LFS,0,1,FCCL,11.5,8.82,,0.32,1,38.04283,-121.909917
722664,11/27/2024,MWTR,SB018M,5,LFS,0,2,FCCL,11.7,9.05,,0.45,1,38.04598,-121.909917
722674,11/27/2024,MWTR,SB018N,8,LFS,0,1,FCCL,12.1,9.56,,0.51,1,38.047967,-121.909917
722693,11/27/2024,MWTR,SB018N,10,LFS,0,1,n/a,12.1,9.63,,0.48,1,38.047967,-121.909917
723075,12/9/2024,MWTR,SB018N,1,LFS,0,12,FCCL,10.8,10.75,,0.3,1,38.047967,-121.909917
723075,12/9/2024,MWTR,SB018N,1,LFS,52,1,n/a,10.8,10.75,,0.3,1,38.047967,-121.909917
723076,12/9/2024,MWTR,SB018N,2,LFS,0,10,FCCL,10.8,11.28,,0.31,1,38.047967,-121.909917
723077,12/9/2024,MWTR,SB018N,3,LFS,0,6,FCCL,11.1,10.8,,0.26,1,38.047967,-121.909917
723077,12/9/2024,MWTR,SB018N,3,LFS,59,1,n/a,11.1,10.8,,0.26,1,38.047967,-121.909917
723081,12/9/2024,MWTR,SB018S,4,LFS,0,4,FCCL,11,10.98,,0.28,1,38.04283,-121.909917
723085,12/9/2024,MWTR,SB018S,5,LFS,0,6,FCCL,11.1,11.03,,0.29,1,38.04283,-121.909917
723085,12/9/2024,MWTR,SB018S,5,LFS,60,1,n/a,11.1,11.03,,0.29,1,38.04283,-121.909917
723085,12/9/2024,MWTR,SB018S,5,LFS,68,1,n/a,11.1,11.03,,0.29,1,38.04283,-121.909917
723101,12/9/2024,MWTR,SB018S,6,LFS,0,4,FCCL,11.2,11.11,,0.3,1,38.04283,-121.909917
723101,12/9/2024,MWTR,SB018S,6,LFS,72,1,n/a,11.2,11.11,,0.3,1,38.04283,-121.909917
723103,12/9/2024,MWTR,SB018S,7,LFS,0,3,FCCL,11.2,10.86,,0.3,1,38.04283,-121.909917
723103,12/9/2024,MWTR,SB018S,7,LFS,58,1,n/a,11.2,10.86,,0.3,1,38.04283,-121.909917
723117,12/9/2024,MWTR,SB018M,8,LFS,0,4,FCCL,11.2,10.66,,0.33,1,38.04598,-121.909917
723117,12/9/2024,MWTR,SB018M,8,LFS,63,1,n/a,11.2,10.66,,0.33,1,38.04598,-121.909917
723120,12/9/2024,MWTR,SB018M,9,LFS,0,3,FCCL,11.4,10.75,,0.31,1,38.04598,-121.909917
723127,12/9/2024,MWTR,SB018M,10,LFS,0,2,n/a,11.4,10.55,,0.32,1,38.04598,-121.909917
723243,12/12/2024,MWTR,SB018S,1,LFS,80,1,n/a,10.7,10.89,,0.43,1,38.04283,-121.909917
723243,12/12/2024,MWTR,SB018S,1,LFS,104,1,n/a,10.7,10.89,,0.43,1,38.04283,-121.909917
723243,12/12/2024,MWTR,SB018S,1,LFS,109,1,n/a,10.7,10.89,,0.43,1,38.04283,-121.909917
723243,12/12/2024,MWTR,SB018S,1,LFS,110,1,n/a,10.7,10.89,,0.43,1,38.04283,-121.909917
723244,12/12/2024,MWTR,SB018S,2,LFS,101,1,n/a,10.7,10.97,,0.44,1,38.04283,-121.909917
723256,12/12/2024,MWTR,SB018S,3,LFS,72,1,n/a,10.8,11.15,,0.53,1,38.04283,-121.909917
723257,12/12/2024,MWTR,SB018N,4,LFS,101,1,n/a,10.8,11.5,,0.28,1,38.047967,-121.909917
723257,12/12/2024,MWTR,SB018N,4,LFS,105,1,n/a,10.8,11.5,,0.28,1,38.047967,-121.909917
723257,12/12/2024,MWTR,SB018N,4,LFS,115,1,n/a,10.8,11.5,,0.28,1,38.047967,-121.909917
723257,12/12/2024,MWTR,SB018N,4,LFS,120,1,n/a,10.8,11.5,,0.28,1,38.047967,-121.909917
723263,12/12/2024,MWTR,SB018N,5,LFS,105,2,n/a,10.8,11.07,,0.33,1,38.047967,-121.909917
723263,12/12/2024,MWTR,SB018N,5,LFS,112,1,n/a,10.8,11.07,,0.33,1,38.047967,-121.909917
723263,12/12/2024,MWTR,SB018N,5,LFS,115,1,n/a,10.8,11.07,,0.33,1,38.047967,-121.909917
723264,12/12/2024,MWTR,SB018N,6,LFS,76,1,n/a,10.9,11.25,,0.37,1,38.047967,-121.909917
723264,12/12/2024,MWTR,SB018N,6,LFS,109,1,n/a,10.9,11.25,,0.37,1,38.047967,-121.909917
723264,12/12/2024,MWTR,SB018N,6,LFS,111,3,n/a,10.9,11.25,,0.37,1,38.047967,-121.909917
723267,12/12/2024,MWTR,SB018M,7,LFS,65,1,n/a,10.9,11.02,,0.32,1,38.04598,-121.909917
723267,12/12/2024,MWTR,SB018M,7,LFS,105,1,n/a,10.9,11.02,,0.32,1,38.04598,-121.909917
723268,12/12/2024,MWTR,SB018M,8,LFS,95,1,n/a,11,11.57,,0.36,1,38.04598,-121.909917
723268,12/12/2024,MWTR,SB018M,8,LFS,100,1,n/a,11,11.57,,0.36,1,38.04598,-121.909917
723268,12/12/2024,MWTR,SB018M,8,LFS,106,1,n/a,11,11.57,,0.36,1,38.04598,-121.909917
723268,12/12/2024,MWTR,SB018M,8,LFS,109,1,n/a,11,11.57,,0.36,1,38.04598,-121.909917
723268,12/12/2024,MWTR,SB018M,8,LFS,121,1,n/a,11,11.57,,0.36,1,38.04598,-121.909917
723268,12/12/2024,MWTR,SB018M,8,LFS,122,1,n/a,11,11.57,,0.36,1,38.04598,-121.909917
723279,12/12/2024,MWTR,SB018M,9,LFS,71,1,n/a,11.1,11.22,,0.39,1,38.04598,-121.909917
723279,12/12/2024,MWTR,SB018M,9,LFS,110,1,n/a,11.1,11.22,,0.39,1,38.04598,-121.909917
723281,12/12/2024,MWTR,SB018M,10,LFS,61,1,n/a,11.1,11.31,,0.31,1,38.04598,-121.909917
723281,12/12/2024,MWTR,SB018M,10,LFS,104,1,n/a,11.1,11.31,,0.31,1,38.04598,-121.909917
723281,12/12/2024,MWTR,SB018M,10,LFS,108,1,n/a,11.1,11.31,,0.31,1,38.04598,-121.909917
723281,12/12/2024,MWTR,SB018M,10,LFS,111,1,n/a,11.1,11.31,,0.31,1,38.04598,-121.909917
723281,12/12/2024,MWTR,SB018M,10,LFS,115,2,n/a,11.1,11.31,,0.31,1,38.04598,-121.909917
723281,12/12/2024,MWTR,SB018M,10,LFS,119,1,n/a,11.1,11.31,,0.31,1,38.04598,-121.909917
723281,12/12/2024,MWTR,SB018M,10,LFS,125,1,n/a,11.1,11.31,,0.31,1,38.04598,-121.909917
723345,12/16/2024,MWTR,SB018N,1,LFS,74,1,n/a,10.6,9.95,,0.42,1,38.047967,-121.909917
723346,12/16/2024,MWTR,SB018N,2,LFS,0,1,FCCL,10.5,10.02,,0.42,1,38.047967,-121.909917
723346,12/16/2024,MWTR,SB018N,2,LFS,67,2,n/a,10.5,10.02,,0.42,1,38.047967,-121.909917
723346,12/16/2024,MWTR,SB018N,2,LFS,70,1,n/a,10.5,10.02,,0.42,1,38.047967,-121.909917
723346,12/16/2024,MWTR,SB018N,2,LFS,82,1,n/a,10.5,10.02,,0.42,1,38.047967,-121.909917
723349,12/16/2024,MWTR,SB018M,4,LFS,0,3,FCCL,10.5,10.25,,0.54,1,38.04598,-121.909917
723349,12/16/2024,MWTR,SB018M,4,LFS,63,1,L,10.5,10.25,,0.54,1,38.04598,-121.909917
723353,12/16/2024,MWTR,SB018N,3,LFS,66,1,L,10.5,10.15,,0.46,1,38.047967,-121.909917
723357,12/16/2024,MWTR,SB018M,5,LFS,0,1,FCCL,10.3,10.86,,0.48,1,38.04598,-121.909917
723357,12/16/2024,MWTR,SB018M,5,LFS,0,2,n/a,10.3,10.86,,0.48,1,38.04598,-121.909917
723372,12/16/2024,MWTR,SB018S,8,LFS,0,1,n/a,10.5,10.48,,0.53,1,38.04283,-121.909917
723392,12/16/2024,MWTR,SB018S,9,LFS,0,1,n/a,10.6,10.71,,0.48,1,38.04283,-121.909917
723395,12/16/2024,MWTR,SB018S,10,LFS,0,1,n/a,10.5,10.2,,0.43,1,38.04283,-121.909917
723547,12/19/2024,MWTR,SB018N,1,LFS,106,2,n/a,10,10.16,,0.31,1,38.047967,-121.909917
723547,12/19/2024,MWTR,SB018N,1,LFS,112,1,n/a,10,10.16,,0.31,1,38.047967,-121.909917
723547,12/19/2024,MWTR,SB018N,1,LFS,119,1,n/a,10,10.16,,0.31,1,38.047967,-121.909917
723548,12/19/2024,MWTR,SB018N,2,LFS,107,1,n/a,9.8,10.22,,0.31,1,38.047967,-121.909917
723548,12/19/2024,MWTR,SB018N,2,LFS,110,1,n/a,9.8,10.22,,0.31,1,38.047967,-121.909917
723571,12/19/2024,MWTR,SB018N,3,LFS,61,1,L,10,9.99,,0.34,1,38.047967,-121.909917
723571,12/19/2024,MWTR,SB018N,3,LFS,97,1,n/a,10,9.99,,0.34,1,38.047967,-121.909917
723571,12/19/2024,MWTR,SB018N,3,LFS,100,1,n/a,10,9.99,,0.34,1,38.047967,-121.909917
723571,12/19/2024,MWTR,SB018N,3,LFS,105,1,n/a,10,9.99,,0.34,1,38.047967,-121.909917
723571,12/19/2024,MWTR,SB018N,3,LFS,107,1,n/a,10,9.99,,0.34,1,38.047967,-121.909917
723573,12/19/2024,MWTR,SB018M,4,LFS,110,2,n/a,10.1,10.04,,0.38,1,38.04598,-121.909917
723573,12/19/2024,MWTR,SB018M,4,LFS,111,2,n/a,10.1,10.04,,0.38,1,38.04598,-121.909917
723573,12/19/2024,MWTR,SB018M,4,LFS,119,1,n/a,10.1,10.04,,0.38,1,38.04598,-121.909917
723582,12/19/2024,MWTR,SB018M,5,LFS,109,1,n/a,10,10.01,,0.34,1,38.04598,-121.909917
723582,12/19/2024,MWTR,SB018M,5,LFS,113,1,n/a,10,10.01,,0.34,1,38.04598,-121.909917
723582,12/19/2024,MWTR,SB018M,5,LFS,114,2,n/a,10,10.01,,0.34,1,38.04598,-121.909917
723583,12/19/2024,MWTR,SB018M,6,LFS,111,1,n/a,10.1,9.91,,0.34,1,38.04598,-121.909917
723583,12/19/2024,MWTR,SB018M,6,LFS,116,1,n/a,10.1,9.91,,0.34,1,38.04598,-121.909917
723587,12/19/2024,MWTR,SB018S,10,LFS,110,1,n/a,10,9.89,,0.43,1,38.04283,-121.909917
723589,12/19/2024,MWTR,SB018S,9,LFS,96,1,n/a,10.1,10.4,,0.41,1,38.04283,-121.909917
723617,12/20/2024,MWTR,SB018M,1,LFS,77,1,n/a,9.9,9.92,,0.28,1,38.04598,-121.909917
723617,12/20/2024,MWTR,SB018M,1,LFS,99,1,n/a,9.9,9.92,,0.28,1,38.04598,-121.909917
723617,12/20/2024,MWTR,SB018M,1,LFS,104,1,n/a,9.9,9.92,,0.28,1,38.04598,-121.909917
723617,12/20/2024,MWTR,SB018M,1,LFS,107,1,n/a,9.9,9.92,,0.28,1,38.04598,-121.909917
723617,12/20/2024,MWTR,SB018M,1,LFS,108,1,n/a,9.9,9.92,,0.28,1,38.04598,-121.909917
723617,12/20/2024,MWTR,SB018M,1,LFS,110,1,n/a,9.9,9.92,,0.28,1,38.04598,-121.909917
723617,12/20/2024,MWTR,SB018M,1,LFS,112,1,n/a,9.9,9.92,,0.28,1,38.04598,-121.909917
723617,12/20/2024,MWTR,SB018M,1,LFS,119,1,n/a,9.9,9.92,,0.28,1,38.04598,-121.909917
723619,12/20/2024,MWTR,SB018M,2,LFS,64,1,L,9.9,10.11,,0.28,1,38.04598,-121.909917
723619,12/20/2024,MWTR,SB018M,2,LFS,69,1,L,9.9,10.11,,0.28,1,38.04598,-121.909917
723619,12/20/2024,MWTR,SB018M,2,LFS,75,1,L,9.9,10.11,,0.28,1,38.04598,-121.909917
723619,12/20/2024,MWTR,SB018M,2,LFS,83,1,n/a,9.9,10.11,,0.28,1,38.04598,-121.909917
723619,12/20/2024,MWTR,SB018M,2,LFS,94,1,n/a,9.9,10.11,,0.28,1,38.04598,-121.909917
723619,12/20/2024,MWTR,SB018M,2,LFS,100,2,n/a,9.9,10.11,,0.28,1,38.04598,-121.909917
723619,12/20/2024,MWTR,SB018M,2,LFS,102,1,n/a,9.9,10.11,,0.28,1,38.04598,-121.909917
723619,12/20/2024,MWTR,SB018M,2,LFS,103,1,n/a,9.9,10.11,,0.28,1,38.04598,-121.909917
723619,12/20/2024,MWTR,SB018M,2,LFS,104,1,n/a,9.9,10.11,,0.28,1,38.04598,-121.909917
723619,12/20/2024,MWTR,SB018M,2,LFS,107,1,n/a,9.9,10.11,,0.28,1,38.04598,-121.909917
723619,12/20/2024,MWTR,SB018M,2,LFS,108,3,n/a,9.9,10.11,,0.28,1,38.04598,-121.909917
723619,12/20/2024,MWTR,SB018M,2,LFS,110,2,n/a,9.9,10.11,,0.28,1,38.04598,-121.909917
723619,12/20/2024,MWTR,SB018M,2,LFS,112,1,n/a,9.9,10.11,,0.28,1,38.04598,-121.909917
723619,12/20/2024,MWTR,SB018M,2,LFS,113,1,n/a,9.9,10.11,,0.28,1,38.04598,-121.909917
723619,12/20/2024,MWTR,SB018M,2,LFS,116,1,n/a,9.9,10.11,,0.28,1,38.04598,-121.909917
723619,12/20/2024,MWTR,SB018M,2,LFS,117,1,n/a,9.9,10.11,,0.28,1,38.04598,-121.909917
723622,12/20/2024,MWTR,SB018M,3,LFS,98,1,n/a,9.8,10.07,,0.24,1,38.04598,-121.909917
723622,12/20/2024,MWTR,SB018M,3,LFS,101,1,n/a,9.8,10.07,,0.24,1,38.04598,-121.909917
723622,12/20/2024,MWTR,SB018M,3,LFS,103,1,n/a,9.8,10.07,,0.24,1,38.04598,-121.909917
723622,12/20/2024,MWTR,SB018M,3,LFS,104,1,n/a,9.8,10.07,,0.24,1,38.04598,-121.909917
723622,12/20/2024,MWTR,SB018M,3,LFS,105,2,n/a,9.8,10.07,,0.24,1,38.04598,-121.909917
723622,12/20/2024,MWTR,SB018M,3,LFS,106,1,n/a,9.8,10.07,,0.24,1,38.04598,-121.909917
723622,12/20/2024,MWTR,SB018M,3,LFS,110,1,n/a,9.8,10.07,,0.24,1,38.04598,-121.909917
723622,12/20/2024,MWTR,SB018M,3,LFS,111,2,n/a,9.8,10.07,,0.24,1,38.04598,-121.909917
723622,12/20/2024,MWTR,SB018M,3,LFS,112,1,n/a,9.8,10.07,,0.24,1,38.04598,-121.909917
723622,12/20/2024,MWTR,SB018M,3,LFS,119,2,n/a,9.8,10.07,,0.24,1,38.04598,-121.909917
723622,12/20/2024,MWTR,SB018M,3,LFS,120,1,n/a,9.8,10.07,,0.24,1,38.04598,-121.909917
723622,12/20/2024,MWTR,SB018M,3,LFS,122,1,n/a,9.8,10.07,,0.24,1,38.04598,-121.909917
723624,12/20/2024,MWTR,SB018N,4,LFS,77,1,n/a,9.8,10.05,,0.26,1,38.047967,-121.909917
723624,12/20/2024,MWTR,SB018N,4,LFS,94,1,n/a,9.8,10.05,,0.26,1,38.047967,-121.909917
723624,12/20/2024,MWTR,SB018N,4,LFS,100,1,n/a,9.8,10.05,,0.26,1,38.047967,-121.909917
723624,12/20/2024,MWTR,SB018N,4,LFS,106,2,n/a,9.8,10.05,,0.26,1,38.047967,-121.909917
723624,12/20/2024,MWTR,SB018N,4,LFS,109,1,n/a,9.8,10.05,,0.26,1,38.047967,-121.909917
723624,12/20/2024,MWTR,SB018N,4,LFS,114,1,n/a,9.8,10.05,,0.26,1,38.047967,-121.909917
723624,12/20/2024,MWTR,SB018N,4,LFS,119,1,n/a,9.8,10.05,,0.26,1,38.047967,-121.909917
723624,12/20/2024,MWTR,SB018N,4,LFS,120,1,n/a,9.8,10.05,,0.26,1,38.047967,-121.909917
723634,12/20/2024,MWTR,SB018N,5,LFS,98,1,n/a,9.8,9.97,,0.22,1,38.047967,-121.909917
723634,12/20/2024,MWTR,SB018N,5,LFS,106,1,n/a,9.8,9.97,,0.22,1,38.047967,-121.909917
723634,12/20/2024,MWTR,SB018N,5,LFS,107,2,n/a,9.8,9.97,,0.22,1,38.047967,-121.909917
723634,12/20/2024,MWTR,SB018N,5,LFS,108,1,n/a,9.8,9.97,,0.22,1,38.047967,-121.909917
723634,12/20/2024,MWTR,SB018N,5,LFS,109,2,n/a,9.8,9.97,,0.22,1,38.047967,-121.909917
723634,12/20/2024,MWTR,SB018N,5,LFS,110,2,n/a,9.8,9.97,,0.22,1,38.047967,-121.909917
723634,12/20/2024,MWTR,SB018N,5,LFS,114,1,n/a,9.8,9.97,,0.22,1,38.047967,-121.909917
723634,12/20/2024,MWTR,SB018N,5,LFS,129,1,n/a,9.8,9.97,,0.22,1,38.047967,-121.909917
723635,12/20/2024,MWTR,SB018N,6,LFS,77,1,n/a,9.9,10.03,,0.26,1,38.047967,-121.909917
723635,12/20/2024,MWTR,SB018N,6,LFS,94,1,n/a,9.9,10.03,,0.26,1,38.047967,-121.909917
723635,12/20/2024,MWTR,SB018N,6,LFS,104,1,n/a,9.9,10.03,,0.26,1,38.047967,-121.909917
723635,12/20/2024,MWTR,SB018N,6,LFS,107,2,n/a,9.9,10.03,,0.26,1,38.047967,-121.909917
723635,12/20/2024,MWTR,SB018N,6,LFS,111,1,n/a,9.9,10.03,,0.26,1,38.047967,-121.909917
723635,12/20/2024,MWTR,SB018N,6,LFS,124,1,n/a,9.9,10.03,,0.26,1,38.047967,-121.909917
723647,12/20/2024,MWTR,SB018N,7,LFS,100,1,n/a,9.8,10,,0.29,1,38.047967,-121.909917
723647,12/20/2024,MWTR,SB018N,7,LFS,101,1,n/a,9.8,10,,0.29,1,38.047967,-121.909917
723647,12/20/2024,MWTR,SB018N,7,LFS,103,1,n/a,9.8,10,,0.29,1,38.047967,-121.909917
723647,12/20/2024,MWTR,SB018N,7,LFS,109,1,n/a,9.8,10,,0.29,1,38.047967,-121.909917
723647,12/20/2024,MWTR,SB018N,7,LFS,113,1,n/a,9.8,10,,0.29,1,38.047967,-121.909917
723647,12/20/2024,MWTR,SB018N,7,LFS,118,1,n/a,9.8,10,,0.29,1,38.047967,-121.909917
723648,12/20/2024,MWTR,SB018S,8,LFS,101,1,n/a,9.9,10,,0.36,1,38.04283,-121.909917
723648,12/20/2024,MWTR,SB018S,8,LFS,103,1,n/a,9.9,10,,0.36,1,38.04283,-121.909917
723648,12/20/2024,MWTR,SB018S,8,LFS,112,1,n/a,9.9,10,,0.36,1,38.04283,-121.909917
723653,12/20/2024,MWTR,SB018S,9,LFS,99,1,n/a,9.9,9.96,,0.33,1,38.04283,-121.909917
723653,12/20/2024,MWTR,SB018S,9,LFS,111,1,n/a,9.9,9.96,,0.33,1,38.04283,-121.909917
723653,12/20/2024,MWTR,SB018S,9,LFS,113,1,n/a,9.9,9.96,,0.33,1,38.04283,-121.909917
723654,12/20/2024,MWTR,SB018S,10,LFS,95,1,n/a,9.9,10.03,,0.36,1,38.04283,-121.909917
723718,12/26/2024,MWTR,SB018N,1,LFS,99,1,n/a,10.2,9.72,,0.4,1,38.047967,-121.909917
723718,12/26/2024,MWTR,SB018N,1,LFS,108,1,n/a,10.2,9.72,,0.4,1,38.047967,-121.909917
723718,12/26/2024,MWTR,SB018N,1,LFS,110,1,n/a,10.2,9.72,,0.4,1,38.047967,-121.909917
723718,12/26/2024,MWTR,SB018N,1,LFS,115,1,n/a,10.2,9.72,,0.4,1,38.047967,-121.909917
723718,12/26/2024,MWTR,SB018N,1,LFS,116,1,n/a,10.2,9.72,,0.4,1,38.047967,-121.909917
723725,12/26/2024,MWTR,SB018N,2,LFS,68,1,n/a,10.2,9.87,,0.38,1,38.047967,-121.909917
723725,12/26/2024,MWTR,SB018N,2,LFS,101,1,n/a,10.2,9.87,,0.38,1,38.047967,-121.909917
723725,12/26/2024,MWTR,SB018N,2,LFS,102,1,n/a,10.2,9.87,,0.38,1,38.047967,-121.909917
723725,12/26/2024,MWTR,SB018N,2,LFS,107,1,n/a,10.2,9.87,,0.38,1,38.047967,-121.909917
723725,12/26/2024,MWTR,SB018N,2,LFS,108,1,n/a,10.2,9.87,,0.38,1,38.047967,-121.909917
723725,12/26/2024,MWTR,SB018N,2,LFS,110,1,n/a,10.2,9.87,,0.38,1,38.047967,-121.909917
723725,12/26/2024,MWTR,SB018N,2,LFS,111,1,n/a,10.2,9.87,,0.38,1,38.047967,-121.909917
723725,12/26/2024,MWTR,SB018N,2,LFS,114,1,n/a,10.2,9.87,,0.38,1,38.047967,-121.909917
723725,12/26/2024,MWTR,SB018N,2,LFS,116,1,n/a,10.2,9.87,,0.38,1,38.047967,-121.909917
723728,12/26/2024,MWTR,SB018N,3,LFS,92,1,n/a,10.1,9.92,,0.36,1,38.047967,-121.909917
723728,12/26/2024,MWTR,SB018N,3,LFS,99,1,n/a,10.1,9.92,,0.36,1,38.047967,-121.909917
723728,12/26/2024,MWTR,SB018N,3,LFS,101,2,n/a,10.1,9.92,,0.36,1,38.047967,-121.909917
723728,12/26/2024,MWTR,SB018N,3,LFS,108,1,n/a,10.1,9.92,,0.36,1,38.047967,-121.909917
723728,12/26/2024,MWTR,SB018N,3,LFS,109,1,n/a,10.1,9.92,,0.36,1,38.047967,-121.909917
723728,12/26/2024,MWTR,SB018N,3,LFS,110,1,n/a,10.1,9.92,,0.36,1,38.047967,-121.909917
723728,12/26/2024,MWTR,SB018N,3,LFS,111,1,n/a,10.1,9.92,,0.36,1,38.047967,-121.909917
723728,12/26/2024,MWTR,SB018N,3,LFS,112,1,n/a,10.1,9.92,,0.36,1,38.047967,-121.909917
723728,12/26/2024,MWTR,SB018N,3,LFS,114,1,n/a,10.1,9.92,,0.36,1,38.047967,-121.909917
723728,12/26/2024,MWTR,SB018N,3,LFS,115,2,n/a,10.1,9.92,,0.36,1,38.047967,-121.909917
723728,12/26/2024,MWTR,SB018N,3,LFS,122,2,n/a,10.1,9.92,,0.36,1,38.047967,-121.909917
723728,12/26/2024,MWTR,SB018N,3,LFS,125,1,n/a,10.1,9.92,,0.36,1,38.047967,-121.909917
723728,12/26/2024,MWTR,SB018N,3,LFS,128,1,n/a,10.1,9.92,,0.36,1,38.047967,-121.909917
723732,12/26/2024,MWTR,SB018S,5,LFS,76,1,n/a,10.2,10.15,,0.38,1,38.04283,-121.909917
723732,12/26/2024,MWTR,SB018S,5,LFS,78,1,n/a,10.2,10.15,,0.38,1,38.04283,-121.909917
723732,12/26/2024,MWTR,SB018S,5,LFS,99,1,n/a,10.2,10.15,,0.38,1,38.04283,-121.909917
723732,12/26/2024,MWTR,SB018S,5,LFS,105,1,n/a,10.2,10.15,,0.38,1,38.04283,-121.909917
723732,12/26/2024,MWTR,SB018S,5,LFS,107,1,n/a,10.2,10.15,,0.38,1,38.04283,-121.909917
723732,12/26/2024,MWTR,SB018S,5,LFS,110,1,n/a,10.2,10.15,,0.38,1,38.04283,-121.909917
723733,12/26/2024,MWTR,SB018S,6,LFS,58,1,n/a,10.3,9.88,,0.38,1,38.04283,-121.909917
723733,12/26/2024,MWTR,SB018S,6,LFS,100,1,n/a,10.3,9.88,,0.38,1,38.04283,-121.909917
723733,12/26/2024,MWTR,SB018S,6,LFS,101,1,n/a,10.3,9.88,,0.38,1,38.04283,-121.909917
723736,12/26/2024,MWTR,SB018M,7,LFS,99,2,n/a,10.2,10.28,,0.42,1,38.04598,-121.909917
723736,12/26/2024,MWTR,SB018M,7,LFS,107,2,n/a,10.2,10.28,,0.42,1,38.04598,-121.909917
723736,12/26/2024,MWTR,SB018M,7,LFS,110,1,n/a,10.2,10.28,,0.42,1,38.04598,-121.909917
723736,12/26/2024,MWTR,SB018M,7,LFS,119,1,n/a,10.2,10.28,,0.42,1,38.04598,-121.909917
723742,12/26/2024,MWTR,SB018M,8,LFS,94,1,n/a,10.3,10.15,,0.35,1,38.04598,-121.909917
723742,12/26/2024,MWTR,SB018M,8,LFS,105,1,n/a,10.3,10.15,,0.35,1,38.04598,-121.909917
723742,12/26/2024,MWTR,SB018M,8,LFS,109,1,n/a,10.3,10.15,,0.35,1,38.04598,-121.909917
723742,12/26/2024,MWTR,SB018M,8,LFS,110,1,n/a,10.3,10.15,,0.35,1,38.04598,-121.909917
723742,12/26/2024,MWTR,SB018M,8,LFS,113,1,n/a,10.3,10.15,,0.35,1,38.04598,-121.909917
723742,12/26/2024,MWTR,SB018M,8,LFS,115,1,n/a,10.3,10.15,,0.35,1,38.04598,-121.909917
723743,12/26/2024,MWTR,SB018M,9,LFS,95,1,n/a,10.3,10.15,,0.35,1,38.04598,-121.909917
723743,12/26/2024,MWTR,SB018M,9,LFS,103,1,n/a,10.3,10.15,,0.35,1,38.04598,-121.909917
723743,12/26/2024,MWTR,SB018M,9,LFS,108,1,n/a,10.3,10.15,,0.35,1,38.04598,-121.909917
723743,12/26/2024,MWTR,SB018M,9,LFS,119,1,n/a,10.3,10.15,,0.35,1,38.04598,-121.909917
723744,12/26/2024,MWTR,SB018M,10,LFS,63,1,n/a,10.4,10.13,,0.36,1,38.04598,-121.909917
723744,12/26/2024,MWTR,SB018M,10,LFS,64,1,n/a,10.4,10.13,,0.36,1,38.04598,-121.909917
723744,12/26/2024,MWTR,SB018M,10,LFS,99,1,n/a,10.4,10.13,,0.36,1,38.04598,-121.909917
723744,12/26/2024,MWTR,SB018M,10,LFS,110,1,n/a,10.4,10.13,,0.36,1,38.04598,-121.909917
723744,12/26/2024,MWTR,SB018M,10,LFS,112,1,n/a,10.4,10.13,,0.36,1,38.04598,-121.909917
723760,12/26/2024,MWTR,SB018S,4,LFS,63,1,n/a,10.2,10.16,,0.38,1,38.04283,-121.909917
723760,12/26/2024,MWTR,SB018S,4,LFS,71,1,n/a,10.2,10.16,,0.38,1,38.04283,-121.909917
723760,12/26/2024,MWTR,SB018S,4,LFS,100,1,n/a,10.2,10.16,,0.38,1,38.04283,-121.909917
723760,12/26/2024,MWTR,SB018S,4,LFS,105,1,n/a,10.2,10.16,,0.38,1,38.04283,-121.909917
723760,12/26/2024,MWTR,SB018S,4,LFS,106,1,n/a,10.2,10.16,,0.38,1,38.04283,-121.909917
723760,12/26/2024,MWTR,SB018S,4,LFS,118,1,n/a,10.2,10.16,,0.38,1,38.04283,-121.909917
723779,12/27/2024,MWTR,SB018N,1,LFS,88,1,n/a,10.6,9.78,,0.31,1,38.047967,-121.909917
723779,12/27/2024,MWTR,SB018N,1,LFS,101,1,n/a,10.6,9.78,,0.31,1,38.047967,-121.909917
723779,12/27/2024,MWTR,SB018N,1,LFS,105,2,n/a,10.6,9.78,,0.31,1,38.047967,-121.909917
723779,12/27/2024,MWTR,SB018N,1,LFS,107,1,n/a,10.6,9.78,,0.31,1,38.047967,-121.909917
723779,12/27/2024,MWTR,SB018N,1,LFS,108,1,n/a,10.6,9.78,,0.31,1,38.047967,-121.909917
723779,12/27/2024,MWTR,SB018N,1,LFS,112,1,n/a,10.6,9.78,,0.31,1,38.047967,-121.909917
723780,12/27/2024,MWTR,SB018N,2,LFS,95,1,n/a,10.5,9.99,,0.29,1,38.047967,-121.909917
723780,12/27/2024,MWTR,SB018N,2,LFS,96,1,n/a,10.5,9.99,,0.29,1,38.047967,-121.909917
723780,12/27/2024,MWTR,SB018N,2,LFS,110,1,n/a,10.5,9.99,,0.29,1,38.047967,-121.909917
723780,12/27/2024,MWTR,SB018N,2,LFS,111,1,n/a,10.5,9.99,,0.29,1,38.047967,-121.909917
723780,12/27/2024,MWTR,SB018N,2,LFS,115,2,n/a,10.5,9.99,,0.29,1,38.047967,-121.909917
723780,12/27/2024,MWTR,SB018N,2,LFS,120,1,n/a,10.5,9.99,,0.29,1,38.047967,-121.909917
723781,12/27/2024,MWTR,SB018N,3,LFS,95,1,n/a,10.5,9.98,,0.32,1,38.047967,-121.909917
723781,12/27/2024,MWTR,SB018N,3,LFS,101,1,n/a,10.5,9.98,,0.32,1,38.047967,-121.909917
723781,12/27/2024,MWTR,SB018N,3,LFS,105,1,n/a,10.5,9.98,,0.32,1,38.047967,-121.909917
723781,12/27/2024,MWTR,SB018N,3,LFS,109,2,n/a,10.5,9.98,,0.32,1,38.047967,-121.909917
723781,12/27/2024,MWTR,SB018N,3,LFS,119,1,n/a,10.5,9.98,,0.32,1,38.047967,-121.909917
723789,12/27/2024,MWTR,SB018N,4,LFS,102,1,n/a,10.5,9.97,,0.28,1,38.047967,-121.909917
723797,12/27/2024,MWTR,SB018M,5,LFS,92,1,n/a,10.5,9.94,,0.3,1,38.04598,-121.909917
723797,12/27/2024,MWTR,SB018M,5,LFS,102,1,n/a,10.5,9.94,,0.3,1,38.04598,-121.909917
723797,12/27/2024,MWTR,SB018M,5,LFS,115,1,n/a,10.5,9.94,,0.3,1,38.04598,-121.909917
723805,12/27/2024,MWTR,SB018M,6,LFS,92,1,n/a,10.6,10.03,,0.27,1,38.04598,-121.909917
723805,12/27/2024,MWTR,SB018M,6,LFS,107,1,n/a,10.6,10.03,,0.27,1,38.04598,-121.909917
723805,12/27/2024,MWTR,SB018M,6,LFS,110,1,n/a,10.6,10.03,,0.27,1,38.04598,-121.909917
723805,12/27/2024,MWTR,SB018M,6,LFS,112,1,n/a,10.6,10.03,,0.27,1,38.04598,-121.909917
723805,12/27/2024,MWTR,SB018M,6,LFS,115,1,n/a,10.6,10.03,,0.27,1,38.04598,-121.909917
723805,12/27/2024,MWTR,SB018M,6,LFS,119,1,n/a,10.6,10.03,,0.27,1,38.04598,-121.909917
723818,12/27/2024,MWTR,SB018M,7,LFS,95,1,n/a,10.7,9.97,,0.27,1,38.04598,-121.909917
723819,12/27/2024,MWTR,SB018S,8,LFS,79,1,n/a,10.6,9.96,,0.29,1,38.04283,-121.909917
723819,12/27/2024,MWTR,SB018S,8,LFS,103,1,n/a,10.6,9.96,,0.29,1,38.04283,-121.909917
723819,12/27/2024,MWTR,SB018S,8,LFS,110,1,n/a,10.6,9.96,,0.29,1,38.04283,-121.909917
723820,12/27/2024,MWTR,SB018S,9,LFS,94,1,n/a,10.7,9.98,,0.28,1,38.04283,-121.909917
723820,12/27/2024,MWTR,SB018S,9,LFS,101,1,n/a,10.7,9.98,,0.28,1,38.04283,-121.909917
723820,12/27/2024,MWTR,SB018S,9,LFS,110,1,n/a,10.7,9.98,,0.28,1,38.04283,-121.909917
723821,12/27/2024,MWTR,SB018S,10,LFS,65,1,n/a,10.7,9.94,,0.28,1,38.04283,-121.909917
723821,12/27/2024,MWTR,SB018S,10,LFS,66,1,n/a,10.7,9.94,,0.28,1,38.04283,-121.909917
723821,12/27/2024,MWTR,SB018S,10,LFS,75,1,n/a,10.7,9.94,,0.28,1,38.04283,-121.909917
723821,12/27/2024,MWTR,SB018S,10,LFS,111,2,n/a,10.7,9.94,,0.28,1,38.04283,-121.909917
723821,12/27/2024,MWTR,SB018S,10,LFS,112,1,n/a,10.7,9.94,,0.28,1,38.04283,-121.909917
723870,12/30/2024,MWTR,SB018N,1,LFS,114,1,n/a,11.2,9.82,,0.28,1,38.047967,-121.909917
723870,12/30/2024,MWTR,SB018N,1,LFS,115,1,n/a,11.2,9.82,,0.28,1,38.047967,-121.909917
723871,12/30/2024,MWTR,SB018N,2,LFS,88,1,n/a,11.2,9.88,,0.19,1,38.047967,-121.909917
723871,12/30/2024,MWTR,SB018N,2,LFS,109,1,n/a,11.2,9.88,,0.19,1,38.047967,-121.909917
723873,12/30/2024,MWTR,SB018N,3,LFS,108,2,n/a,11.3,10.14,,0.27,1,38.047967,-121.909917
723873,12/30/2024,MWTR,SB018N,3,LFS,112,1,n/a,11.3,10.14,,0.27,1,38.047967,-121.909917
723873,12/30/2024,MWTR,SB018N,3,LFS,115,1,n/a,11.3,10.14,,0.27,1,38.047967,-121.909917
723873,12/30/2024,MWTR,SB018N,3,LFS,116,1,n/a,11.3,10.14,,0.27,1,38.047967,-121.909917
723873,12/30/2024,MWTR,SB018N,3,LFS,120,1,n/a,11.3,10.14,,0.27,1,38.047967,-121.909917
723874,12/30/2024,MWTR,SB018N,4,LFS,105,1,n/a,11.3,9.98,,0.19,1,38.047967,-121.909917
723874,12/30/2024,MWTR,SB018N,4,LFS,108,1,n/a,11.3,9.98,,0.19,1,38.047967,-121.909917
723874,12/30/2024,MWTR,SB018N,4,LFS,110,1,n/a,11.3,9.98,,0.19,1,38.047967,-121.909917
723874,12/30/2024,MWTR,SB018N,4,LFS,114,1,n/a,11.3,9.98,,0.19,1,38.047967,-121.909917
723874,12/30/2024,MWTR,SB018N,4,LFS,122,1,n/a,11.3,9.98,,0.19,1,38.047967,-121.909917
723892,12/30/2024,MWTR,SB018S,7,LFS,99,1,n/a,11.2,9.84,,0.31,1,38.04283,-121.909917
723918,12/30/2024,MWTR,SB018M,9,LFS,107,1,n/a,11.2,9.86,,0.31,1,38.04598,-121.909917
724006,1/2/2025,MWTR,SB018M,1,LFS,112,1,n/a,11.1,9.82,,0.31,1,38.04598,-121.909917
724010,1/2/2025,MWTR,SB018M,3,LFS,99,1,n/a,11,9.64,,0.29,1,38.04598,-121.909917
724034,1/2/2025,MWTR,SB018N,6,LFS,114,1,n/a,11.1,9.61,,0.28,1,38.047967,-121.909917
724049,1/2/2025,MWTR,SB018S,8,LFS,121,1,n/a,11,9.72,,0.37,1,38.04283,-121.909917
724052,1/2/2025,MWTR,SB018S,9,LFS,90,1,n/a,11.2,9.62,,0.34,1,38.04283,-121.909917
724052,1/2/2025,MWTR,SB018S,9,LFS,98,1,n/a,11.2,9.62,,0.34,1,38.04283,-121.909917
724055,1/2/2025,MWTR,SB018S,10,LFS,104,1,n/a,11.2,9.67,,0.34,1,38.04283,-121.909917
724055,1/2/2025,MWTR,SB018S,10,LFS,108,1,n/a,11.2,9.67,,0.34,1,38.04283,-121.909917
724096,1/3/2025,MWTR,SB018S,1,LFS,105,1,n/a,11,9.72,,0.29,1,38.04283,-121.909917
724096,1/3/2025,MWTR,SB018S,1,LFS,107,1,n/a,11,9.72,,0.29,1,38.04283,-121.909917
724096,1/3/2025,MWTR,SB018S,1,LFS,115,1,n/a,11,9.72,,0.29,1,38.04283,-121.909917
724096,1/3/2025,MWTR,SB018S,1,LFS,116,1,n/a,11,9.72,,0.29,1,38.04283,-121.909917
724098,1/3/2025,MWTR,SB018S,2,LFS,99,1,n/a,11.1,10.08,,0.24,1,38.04283,-121.909917
724098,1/3/2025,MWTR,SB018S,2,LFS,116,1,n/a,11.1,10.08,,0.24,1,38.04283,-121.909917
724098,1/3/2025,MWTR,SB018S,2,LFS,117,1,n/a,11.1,10.08,,0.24,1,38.04283,-121.909917
724098,1/3/2025,MWTR,SB018S,2,LFS,120,1,n/a,11.1,10.08,,0.24,1,38.04283,-121.909917
724098,1/3/2025,MWTR,SB018S,2,LFS,123,1,n/a,11.1,10.08,,0.24,1,38.04283,-121.909917
724100,1/3/2025,MWTR,SB018S,3,LFS,88,1,n/a,11,9.62,,0.28,1,38.04283,-121.909917
724100,1/3/2025,MWTR,SB018S,3,LFS,92,1,n/a,11,9.62,,0.28,1,38.04283,-121.909917
724100,1/3/2025,MWTR,SB018S,3,LFS,97,1,n/a,11,9.62,,0.28,1,38.04283,-121.909917
724100,1/3/2025,MWTR,SB018S,3,LFS,112,1,n/a,11,9.62,,0.28,1,38.04283,-121.909917
724100,1/3/2025,MWTR,SB018S,3,LFS,120,1,n/a,11,9.62,,0.28,1,38.04283,-121.909917
724102,1/3/2025,MWTR,SB018N,4,LFS,117,1,n/a,11.1,9.52,,0.23,1,38.047967,-121.909917
724102,1/3/2025,MWTR,SB018N,4,LFS,120,1,n/a,11.1,9.52,,0.23,1,38.047967,-121.909917
724121,1/3/2025,MWTR,SB018N,5,LFS,100,1,n/a,11.1,9.68,,0.22,1,38.047967,-121.909917
724122,1/3/2025,MWTR,SB018N,6,LFS,113,1,n/a,11.1,9.76,,0.24,1,38.047967,-121.909917
724134,1/3/2025,MWTR,SB018M,8,LFS,92,1,n/a,11.1,9.7,,0.25,1,38.04598,-121.909917
724134,1/3/2025,MWTR,SB018M,8,LFS,104,1,n/a,11.1,9.7,,0.25,1,38.04598,-121.909917
724146,1/3/2025,MWTR,SB018M,10,LFS,111,1,n/a,11.1,9.62,,0.2,1,38.04598,-121.909917
724187,1/6/2025,MWTR,SB018S,3,LFS,86,1,n/a,10.8,9.74,,0.2,1,38.04283,-121.909917
724187,1/6/2025,MWTR,SB018S,3,LFS,99,1,n/a,10.8,9.74,,0.2,1,38.04283,-121.909917
724187,1/6/2025,MWTR,SB018S,3,LFS,105,1,n/a,10.8,9.74,,0.2,1,38.04283,-121.909917
724189,1/6/2025,MWTR,SB018S,1,LFS,103,1,n/a,10.7,9.74,,0.1,1,38.04283,-121.909917
724189,1/6/2025,MWTR,SB018S,1,LFS,118,1,n/a,10.7,9.74,,0.1,1,38.04283,-121.909917
724190,1/6/2025,MWTR,SB018S,2,LFS,102,1,n/a,10.7,9.84,,0.1,1,38.04283,-121.909917
724190,1/6/2025,MWTR,SB018S,2,LFS,105,1,n/a,10.7,9.84,,0.1,1,38.04283,-121.909917
724208,1/6/2025,MWTR,SB018N,4,LFS,103,1,n/a,10.6,9.79,,0.1,1,38.047967,-121.909917
724208,1/6/2025,MWTR,SB018N,4,LFS,105,1,n/a,10.6,9.79,,0.1,1,38.047967,-121.909917
724208,1/6/2025,MWTR,SB018N,4,LFS,110,1,n/a,10.6,9.79,,0.1,1,38.047967,-121.909917
724208,1/6/2025,MWTR,SB018N,4,LFS,113,1,n/a,10.6,9.79,,0.1,1,38.047967,-121.909917
724209,1/6/2025,MWTR,SB018N,5,LFS,117,1,n/a,10.5,9.85,,0.2,1,38.047967,-121.909917
724224,1/6/2025,MWTR,SB018M,9,LFS,108,1,n/a,10.6,10.12,,0.1,1,38.04598,-121.909917
724283,1/8/2025,MWTR,SB018N,2,LFS,88,1,n/a,10.2,10.55,,0.2,1,38.047967,-121.909917
724283,1/8/2025,MWTR,SB018N,2,LFS,106,1,n/a,10.2,10.55,,0.2,1,38.047967,-121.909917
724286,1/8/2025,MWTR,SB018N,1,LFS,76,1,n/a,10.2,10.4,,0.2,1,38.047967,-121.909917
724294,1/8/2025,MWTR,SB018N,3,LFS,107,1,n/a,10.2,10.67,,0.2,1,38.047967,-121.909917
724297,1/8/2025,MWTR,SB018S,6,LFS,111,1,n/a,10.4,10.54,,0.1,1,38.04283,-121.909917
724298,1/8/2025,MWTR,SB018S,5,LFS,82,1,n/a,10.3,10.41,,0.2,1,38.04283,-121.909917
724316,1/8/2025,MWTR,SB018M,8,LFS,78,1,n/a,10.3,10.62,,0.1,1,38.04598,-121.909917
724316,1/8/2025,MWTR,SB018M,8,LFS,113,1,n/a,10.3,10.62,,0.1,1,38.04598,-121.909917
724316,1/8/2025,MWTR,SB018M,8,LFS,120,1,n/a,10.3,10.62,,0.1,1,38.04598,-121.909917
724317,1/8/2025,MWTR,SB018M,7,LFS,75,1,n/a,10.4,10.5,,0.1,1,38.04598,-121.909917
724317,1/8/2025,MWTR,SB018M,7,LFS,82,1,n/a,10.4,10.5,,0.1,1,38.04598,-121.909917
724317,1/8/2025,MWTR,SB018M,7,LFS,84,1,n/a,10.4,10.5,,0.1,1,38.04598,-121.909917
724317,1/8/2025,MWTR,SB018M,7,LFS,109,1,n/a,10.4,10.5,,0.1,1,38.04598,-121.909917
724347,1/8/2025,MWTR,SB018M,9,LFS,102,2,n/a,10.2,10.59,,0.2,1,38.04598,-121.909917
724347,1/8/2025,MWTR,SB018M,9,LFS,108,1,n/a,10.2,10.59,,0.2,1,38.04598,-121.909917
724347,1/8/2025,MWTR,SB018M,9,LFS,117,1,n/a,10.2,10.59,,0.2,1,38.04598,-121.909917
724349,1/8/2025,MWTR,SB018M,10,LFS,69,1,n/a,10.3,10.61,,0.2,1,38.04598,-121.909917
724349,1/8/2025,MWTR,SB018M,10,LFS,94,1,n/a,10.3,10.61,,0.2,1,38.04598,-121.909917
724349,1/8/2025,MWTR,SB018M,10,LFS,103,1,n/a,10.3,10.61,,0.2,1,38.04598,-121.909917
724349,1/8/2025,MWTR,SB018M,10,LFS,107,1,n/a,10.3,10.61,,0.2,1,38.04598,-121.909917
724349,1/8/2025,MWTR,SB018M,10,LFS,108,1,n/a,10.3,10.61,,0.2,1,38.04598,-121.909917
724349,1/8/2025,MWTR,SB018M,10,LFS,117,1,n/a,10.3,10.61,,0.2,1,38.04598,-121.909917
724390,1/10/2025,MWTR,SB018N,1,LFS,79,1,L,10.4,10.37,,0.2,1,38.047967,-121.909917
724390,1/10/2025,MWTR,SB018N,1,LFS,115,1,n/a,10.4,10.37,,0.2,1,38.047967,-121.909917
724392,1/10/2025,MWTR,SB018N,2,LFS,76,1,n/a,10.3,10.29,,0.3,1,38.047967,-121.909917
724392,1/10/2025,MWTR,SB018N,2,LFS,92,1,n/a,10.3,10.29,,0.3,1,38.047967,-121.909917
724392,1/10/2025,MWTR,SB018N,2,LFS,111,1,n/a,10.3,10.29,,0.3,1,38.047967,-121.909917
724392,1/10/2025,MWTR,SB018N,2,LFS,112,1,n/a,10.3,10.29,,0.3,1,38.047967,-121.909917
724392,1/10/2025,MWTR,SB018N,2,LFS,113,1,n/a,10.3,10.29,,0.3,1,38.047967,-121.909917
724392,1/10/2025,MWTR,SB018N,2,LFS,114,1,n/a,10.3,10.29,,0.3,1,38.047967,-121.909917
724393,1/10/2025,MWTR,SB018N,3,LFS,99,1,n/a,10.2,10.4,,0.2,1,38.047967,-121.909917
724393,1/10/2025,MWTR,SB018N,3,LFS,109,1,n/a,10.2,10.4,,0.2,1,38.047967,-121.909917
724394,1/10/2025,MWTR,SB018S,4,LFS,77,1,L,10.3,10.61,,0.32,1,38.04283,-121.909917
724394,1/10/2025,MWTR,SB018S,4,LFS,91,1,n/a,10.3,10.61,,0.32,1,38.04283,-121.909917
724395,1/10/2025,MWTR,SB018S,5,LFS,126,1,n/a,10.4,10.41,,0.2,1,38.04283,-121.909917
724396,1/10/2025,MWTR,SB018S,6,LFS,80,1,L,10.4,10.48,,0.2,1,38.04283,-121.909917
724396,1/10/2025,MWTR,SB018S,6,LFS,85,1,n/a,10.4,10.48,,0.2,1,38.04283,-121.909917
724399,1/10/2025,MWTR,SB018M,7,LFS,87,1,n/a,10.4,10.49,,0.2,1,38.04598,-121.909917
724399,1/10/2025,MWTR,SB018M,7,LFS,89,1,n/a,10.4,10.49,,0.2,1,38.04598,-121.909917
724399,1/10/2025,MWTR,SB018M,7,LFS,92,1,n/a,10.4,10.49,,0.2,1,38.04598,-121.909917
724399,1/10/2025,MWTR,SB018M,7,LFS,105,1,n/a,10.4,10.49,,0.2,1,38.04598,-121.909917
724438,1/10/2025,MWTR,SB018M,8,LFS,73,1,n/a,10.3,10.52,,0.2,1,38.04598,-121.909917
724438,1/10/2025,MWTR,SB018M,8,LFS,75,1,n/a,10.3,10.52,,0.2,1,38.04598,-121.909917
724438,1/10/2025,MWTR,SB018M,8,LFS,77,1,n/a,10.3,10.52,,0.2,1,38.04598,-121.909917
724438,1/10/2025,MWTR,SB018M,8,LFS,79,2,n/a,10.3,10.52,,0.2,1,38.04598,-121.909917
724438,1/10/2025,MWTR,SB018M,8,LFS,80,1,n/a,10.3,10.52,,0.2,1,38.04598,-121.909917
724438,1/10/2025,MWTR,SB018M,8,LFS,81,1,n/a,10.3,10.52,,0.2,1,38.04598,-121.909917
724438,1/10/2025,MWTR,SB018M,8,LFS,82,1,n/a,10.3,10.52,,0.2,1,38.04598,-121.909917
724438,1/10/2025,MWTR,SB018M,8,LFS,85,1,L,10.3,10.52,,0.2,1,38.04598,-121.909917
724438,1/10/2025,MWTR,SB018M,8,LFS,94,1,n/a,10.3,10.52,,0.2,1,38.04598,-121.909917
724438,1/10/2025,MWTR,SB018M,8,LFS,98,1,n/a,10.3,10.52,,0.2,1,38.04598,-121.909917
724438,1/10/2025,MWTR,SB018M,8,LFS,101,1,n/a,10.3,10.52,,0.2,1,38.04598,-121.909917
724438,1/10/2025,MWTR,SB018M,8,LFS,107,1,n/a,10.3,10.52,,0.2,1,38.04598,-121.909917
724438,1/10/2025,MWTR,SB018M,8,LFS,113,1,n/a,10.3,10.52,,0.2,1,38.04598,-121.909917
724438,1/10/2025,MWTR,SB018M,8,LFS,114,1,n/a,10.3,10.52,,0.2,1,38.04598,-121.909917
724439,1/10/2025,MWTR,SB018M,9,LFS,70,1,n/a,10.4,10.55,,0.2,1,38.04598,-121.909917
724439,1/10/2025,MWTR,SB018M,9,LFS,73,1,n/a,10.4,10.55,,0.2,1,38.04598,-121.909917
724439,1/10/2025,MWTR,SB018M,9,LFS,74,2,n/a,10.4,10.55,,0.2,1,38.04598,-121.909917
724439,1/10/2025,MWTR,SB018M,9,LFS,75,1,n/a,10.4,10.55,,0.2,1,38.04598,-121.909917
724439,1/10/2025,MWTR,SB018M,9,LFS,89,1,n/a,10.4,10.55,,0.2,1,38.04598,-121.909917
724439,1/10/2025,MWTR,SB018M,9,LFS,117,1,n/a,10.4,10.55,,0.2,1,38.04598,-121.909917
724439,1/10/2025,MWTR,SB018M,9,LFS,125,1,n/a,10.4,10.55,,0.2,1,38.04598,-121.909917
724440,1/10/2025,MWTR,SB018M,10,LFS,71,1,n/a,10.2,10.44,,0.2,1,38.04598,-121.909917
724440,1/10/2025,MWTR,SB018M,10,LFS,72,1,n/a,10.2,10.44,,0.2,1,38.04598,-121.909917
724440,1/10/2025,MWTR,SB018M,10,LFS,78,1,n/a,10.2,10.44,,0.2,1,38.04598,-121.909917
724440,1/10/2025,MWTR,SB018M,10,LFS,84,1,n/a,10.2,10.44,,0.2,1,38.04598,-121.909917
724465,1/13/2025,MWTR,SB018M,4,LFS,80,1,n/a,9.9,10.86,,0.38,1,38.04598,-121.909917
724474,1/13/2025,MWTR,SB018M,5,LFS,110,1,n/a,10,10.65,,0.38,1,38.04598,-121.909917
724475,1/13/2025,MWTR,SB018M,6,LFS,75,1,n/a,10,10.76,,0.39,1,38.04598,-121.909917
724494,1/13/2025,MWTR,SB018M,7,LFS,110,1,n/a,10.1,10.69,,0.42,1,38.04598,-121.909917
724495,1/13/2025,MWTR,SB018N,8,LFS,75,1,n/a,10,10.7,,0.38,1,38.047967,-121.909917
724521,1/13/2025,MWTR,SB018N,10,LFS,95,1,n/a,9.9,10.82,,0.38,1,38.047967,-121.909917
724538,1/8/2025,MWTR,SB018S,7,LFS,75,1,n/a,10.4,10.5,,0.1,1,38.04283,-121.909917
724538,1/8/2025,MWTR,SB018S,7,LFS,82,1,n/a,10.4,10.5,,0.1,1,38.04283,-121.909917
724538,1/8/2025,MWTR,SB018S,7,LFS,84,1,n/a,10.4,10.5,,0.1,1,38.04283,-121.909917
724538,1/8/2025,MWTR,SB018S,7,LFS,109,1,n/a,10.4,10.5,,0.1,1,38.04283,-121.909917
724598,1/15/2025,MWTR,SB018M,2,LFS,78,1,n/a,9.8,10.68,,0.36,1,38.04598,-121.909917
724598,1/15/2025,MWTR,SB018M,2,LFS,82,1,n/a,9.8,10.68,,0.36,1,38.04598,-121.909917
724598,1/15/2025,MWTR,SB018M,2,LFS,88,1,n/a,9.8,10.68,,0.36,1,38.04598,-121.909917
724598,1/15/2025,MWTR,SB018M,2,LFS,117,1,n/a,9.8,10.68,,0.36,1,38.04598,-121.909917
724603,1/15/2025,MWTR,SB018M,3,LFS,108,1,n/a,9.8,10.79,,0.36,1,38.04598,-121.909917
724649,1/15/2025,MWTR,SB018S,8,LFS,78,1,n/a,9.9,10.88,,0.35,1,38.04283,-121.909917
724733,1/17/2025,MWTR,SB018S,1,LFS,89,1,n/a,9.7,10.65,,0.36,1,38.04283,-121.909917
724734,1/17/2025,MWTR,SB018S,2,LFS,101,1,n/a,9.7,10.51,,0.34,1,38.04283,-121.909917
724734,1/17/2025,MWTR,SB018S,2,LFS,104,1,n/a,9.7,10.51,,0.34,1,38.04283,-121.909917
724734,1/17/2025,MWTR,SB018S,2,LFS,119,1,n/a,9.7,10.51,,0.34,1,38.04283,-121.909917
724735,1/17/2025,MWTR,SB018S,3,LFS,75,1,n/a,9.7,11,,0.35,1,38.04283,-121.909917
724735,1/17/2025,MWTR,SB018S,3,LFS,85,1,n/a,9.7,11,,0.35,1,38.04283,-121.909917
724735,1/17/2025,MWTR,SB018S,3,LFS,104,1,n/a,9.7,11,,0.35,1,38.04283,-121.909917
724742,1/17/2025,MWTR,SB018N,5,LFS,75,1,n/a,9.7,10.82,,0.38,1,38.047967,-121.909917
724761,1/17/2025,MWTR,SB018N,6,LFS,74,1,n/a,9.6,10.73,,0.36,1,38.047967,-121.909917
724763,1/17/2025,MWTR,SB018M,8,LFS,75,1,n/a,9.8,10.76,,0.39,1,38.04598,-121.909917
724765,1/17/2025,MWTR,SB018M,10,LFS,103,1,n/a,9.8,10.77,,0.39,1,38.04598,-121.909917
724800,1/21/2025,MWTR,SB018M,1,LFS,71,1,n/a,9.3,11.01,,0.37,1,38.04598,-121.909917
724800,1/21/2025,MWTR,SB018M,1,LFS,72,1,n/a,9.3,11.01,,0.37,1,38.04598,-121.909917
724800,1/21/2025,MWTR,SB018M,1,LFS,74,1,n/a,9.3,11.01,,0.37,1,38.04598,-121.909917
724800,1/21/2025,MWTR,SB018M,1,LFS,83,2,n/a,9.3,11.01,,0.37,1,38.04598,-121.909917
724800,1/21/2025,MWTR,SB018M,1,LFS,84,1,n/a,9.3,11.01,,0.37,1,38.04598,-121.909917
724800,1/21/2025,MWTR,SB018M,1,LFS,112,1,n/a,9.3,11.01,,0.37,1,38.04598,-121.909917
724803,1/21/2025,MWTR,SB018M,2,LFS,75,1,n/a,9.1,11.48,,0.32,1,38.04598,-121.909917
724803,1/21/2025,MWTR,SB018M,2,LFS,93,1,n/a,9.1,11.48,,0.32,1,38.04598,-121.909917
724807,1/21/2025,MWTR,SB018N,5,LFS,78,1,n/a,9.3,11.31,,0.3,1,38.047967,-121.909917
724807,1/21/2025,MWTR,SB018N,5,LFS,79,1,n/a,9.3,11.31,,0.3,1,38.047967,-121.909917
724807,1/21/2025,MWTR,SB018N,5,LFS,98,1,n/a,9.3,11.31,,0.3,1,38.047967,-121.909917
724807,1/21/2025,MWTR,SB018N,5,LFS,109,1,n/a,9.3,11.31,,0.3,1,38.047967,-121.909917
724811,1/21/2025,MWTR,SB018N,6,LFS,95,1,n/a,9.3,11.47,,0.36,1,38.047967,-121.909917
724814,1/21/2025,MWTR,SB018N,7,LFS,80,1,n/a,9.6,11.29,,0.35,1,38.047967,-121.909917
724814,1/21/2025,MWTR,SB018N,7,LFS,106,1,n/a,9.6,11.29,,0.35,1,38.047967,-121.909917
724925,1/23/2025,MWTR,SB018M,1,LFS,77,1,n/a,9.5,11.04,,0.52,1,38.04598,-121.909917
724929,1/23/2025,MWTR,SB018M,3,LFS,104,1,n/a,9.4,11.3,,0.59,1,38.04598,-121.909917
724960,1/23/2025,MWTR,SB018S,9,LFS,81,1,n/a,9.7,10.95,,0.56,1,38.04283,-121.909917
725054,1/24/2025,MWTR,SB018S,7,LFS,95,1,n/a,9.9,10.69,,0.77,1,38.04283,-121.909917
725387,2/3/2025,MWTR,SB018N,1,LFS,81,1,n/a,10.1,10.52,,0.4,1,38.047967,-121.909917
725388,2/3/2025,MWTR,SB018N,2,LFS,75,2,n/a,10.2,10.66,,0.3,1,38.047967,-121.909917
725388,2/3/2025,MWTR,SB018N,2,LFS,77,1,n/a,10.2,10.66,,0.3,1,38.047967,-121.909917
725388,2/3/2025,MWTR,SB018N,2,LFS,95,1,n/a,10.2,10.66,,0.3,1,38.047967,-121.909917
725388,2/3/2025,MWTR,SB018N,2,LFS,97,1,n/a,10.2,10.66,,0.3,1,38.047967,-121.909917
725389,2/3/2025,MWTR,SB018N,3,LFS,68,1,n/a,10.1,10.69,,0.4,1,38.047967,-121.909917
725389,2/3/2025,MWTR,SB018N,3,LFS,80,1,n/a,10.1,10.69,,0.4,1,38.047967,-121.909917
725402,2/3/2025,MWTR,SB018M,4,LFS,77,1,n/a,10.1,10.67,,0.4,1,38.04598,-121.909917
725402,2/3/2025,MWTR,SB018M,4,LFS,102,1,n/a,10.1,10.67,,0.4,1,38.04598,-121.909917
725405,2/3/2025,MWTR,SB018M,5,LFS,75,1,n/a,10.2,10.59,,0.4,1,38.04598,-121.909917
725413,2/3/2025,MWTR,SB018M,6,LFS,119,1,n/a,10.1,10.63,,0.4,1,38.04598,-121.909917
725437,2/3/2025,MWTR,SB018S,9,LFS,74,1,n/a,10,10.69,,0.5,1,38.04283,-121.909917
725437,2/3/2025,MWTR,SB018S,9,LFS,78,1,n/a,10,10.69,,0.5,1,38.04283,-121.909917
725490,2/5/2025,MWTR,SB018S,2,LFS,117,1,n/a,10,10.88,,0.52,1,38.04283,-121.909917
725621,2/7/2025,MWTR,SB018S,7,LFS,77,1,n/a,10.2,10.82,,0.48,1,38.04283,-121.909917
725630,2/7/2025,MWTR,SB018N,10,LFS,80,1,n/a,10.3,10.83,,0.33,1,38.047967,-121.909917
725630,2/7/2025,MWTR,SB018N,10,LFS,90,1,n/a,10.3,10.83,,0.33,1,38.047967,-121.909917
725717,2/10/2025,MWTR,SB018S,6,LFS,75,1,n/a,9.8,10.16,,0.22,1,38.04283,-121.909917
725719,2/10/2025,MWTR,SB018N,8,LFS,80,1,n/a,9.5,9.78,,0.15,1,38.047967,-121.909917
725719,2/10/2025,MWTR,SB018N,8,LFS,81,1,n/a,9.5,9.78,,0.15,1,38.047967,-121.909917
725720,2/10/2025,MWTR,SB018N,9,LFS,75,1,n/a,10,9.67,,0.18,1,38.047967,-121.909917
725720,2/10/2025,MWTR,SB018N,9,LFS,84,1,n/a,10,9.67,,0.18,1,38.047967,-121.909917
725721,2/10/2025,MWTR,SB018N,10,LFS,80,1,n/a,9.5,9.51,,0.13,1,38.047967,-121.909917
725721,2/10/2025,MWTR,SB018N,10,LFS,94,1,n/a,9.5,9.51,,0.13,1,38.047967,-121.909917
725801,2/11/2025,MWTR,SB018S,7,LFS,95,1,n/a,9.7,10.32,,0.23,1,38.04283,-121.909917
725801,2/11/2025,MWTR,SB018S,7,LFS,109,1,n/a,9.7,10.32,,0.23,1,38.04283,-121.909917
725801,2/11/2025,MWTR,SB018S,7,LFS,110,1,n/a,9.7,10.32,,0.23,1,38.04283,-121.909917
725804,2/11/2025,MWTR,SB018M,8,LFS,78,1,L,9.5,10.16,,0.18,1,38.04598,-121.909917
725837,2/11/2025,MWTR,SB018M,9,LFS,83,1,n/a,9.6,10.15,,0.21,1,38.04598,-121.909917
725840,2/11/2025,MWTR,SB018M,10,LFS,110,1,n/a,9.4,9.85,,0.18,1,38.04598,-121.909917
725972,2/14/2025,MWTR,SB018M,2,LFS,114,1,n/a,9.2,10.64,,0.12,1,38.04598,-121.909917
725973,2/14/2025,MWTR,SB018M,3,LFS,125,1,n/a,9.2,10.77,,0.15,1,38.04598,-121.909917
726058,2/20/2025,MWTR,SB018M,1,LFS,80,1,n/a,10.6,10.01,,0.32,1,38.04598,-121.909917
726058,2/20/2025,MWTR,SB018M,1,LFS,85,1,n/a,10.6,10.01,,0.32,1,38.04598,-121.909917
726058,2/20/2025,MWTR,SB018M,1,LFS,97,1,n/a,10.6,10.01,,0.32,1,38.04598,-121.909917
726060,2/20/2025,MWTR,SB018M,2,LFS,76,1,n/a,10.5,9.76,,0.36,1,38.04598,-121.909917
726060,2/20/2025,MWTR,SB018M,2,LFS,90,1,n/a,10.5,9.76,,0.36,1,38.04598,-121.909917
726060,2/20/2025,MWTR,SB018M,2,LFS,102,1,n/a,10.5,9.76,,0.36,1,38.04598,-121.909917
726061,2/20/2025,MWTR,SB018M,3,LFS,113,1,n/a,10.7,9.81,,0.32,1,38.04598,-121.909917
726065,2/20/2025,MWTR,SB018N,5,LFS,106,1,n/a,10.8,9.82,,0.34,1,38.047967,-121.909917
726123,2/21/2025,MWTR,SB018N,1,LFS,80,1,n/a,10.9,9.97,,0.36,1,38.047967,-121.909917
726123,2/21/2025,MWTR,SB018N,1,LFS,88,1,n/a,10.9,9.97,,0.36,1,38.047967,-121.909917
726123,2/21/2025,MWTR,SB018N,1,LFS,98,1,n/a,10.9,9.97,,0.36,1,38.047967,-121.909917
726123,2/21/2025,MWTR,SB018N,1,LFS,110,1,n/a,10.9,9.97,,0.36,1,38.047967,-121.909917
726124,2/21/2025,MWTR,SB018N,2,LFS,79,1,n/a,10.9,9.97,,0.36,1,38.047967,-121.909917
726124,2/21/2025,MWTR,SB018N,2,LFS,82,1,n/a,10.9,9.97,,0.36,1,38.047967,-121.909917
726124,2/21/2025,MWTR,SB018N,2,LFS,95,1,n/a,10.9,9.97,,0.36,1,38.047967,-121.909917
726124,2/21/2025,MWTR,SB018N,2,LFS,107,1,n/a,10.9,9.97,,0.36,1,38.047967,-121.909917
726124,2/21/2025,MWTR,SB018N,2,LFS,121,1,n/a,10.9,9.97,,0.36,1,38.047967,-121.909917
726125,2/21/2025,MWTR,SB018N,3,LFS,82,1,n/a,11,9.86,,0.34,1,38.047967,-121.909917
726125,2/21/2025,MWTR,SB018N,3,LFS,94,2,n/a,11,9.86,,0.34,1,38.047967,-121.909917
726125,2/21/2025,MWTR,SB018N,3,LFS,96,1,n/a,11,9.86,,0.34,1,38.047967,-121.909917
726125,2/21/2025,MWTR,SB018N,3,LFS,106,1,n/a,11,9.86,,0.34,1,38.047967,-121.909917
726127,2/21/2025,MWTR,SB018S,4,LFS,74,1,n/a,11,9.56,,0.34,1,38.04283,-121.909917
726127,2/21/2025,MWTR,SB018S,4,LFS,77,2,n/a,11,9.56,,0.34,1,38.04283,-121.909917
726127,2/21/2025,MWTR,SB018S,4,LFS,96,1,n/a,11,9.56,,0.34,1,38.04283,-121.909917
726127,2/21/2025,MWTR,SB018S,4,LFS,100,2,n/a,11,9.56,,0.34,1,38.04283,-121.909917
726127,2/21/2025,MWTR,SB018S,4,LFS,113,1,n/a,11,9.56,,0.34,1,38.04283,-121.909917
726127,2/21/2025,MWTR,SB018S,4,LFS,117,1,n/a,11,9.56,,0.34,1,38.04283,-121.909917
726128,2/21/2025,MWTR,SB018S,5,LFS,75,1,n/a,11.1,10.01,,0.42,1,38.04283,-121.909917
726128,2/21/2025,MWTR,SB018S,5,LFS,79,1,n/a,11.1,10.01,,0.42,1,38.04283,-121.909917
726128,2/21/2025,MWTR,SB018S,5,LFS,80,1,n/a,11.1,10.01,,0.42,1,38.04283,-121.909917
726128,2/21/2025,MWTR,SB018S,5,LFS,116,1,n/a,11.1,10.01,,0.42,1,38.04283,-121.909917
726147,2/21/2025,MWTR,SB018S,6,LFS,112,1,n/a,11.2,9.78,,0.38,1,38.04283,-121.909917
726211,2/23/2025,MWTR,SB018M,1,LFS,77,1,n/a,11.5,9.79,,0.43,1,38.04598,-121.909917
726211,2/23/2025,MWTR,SB018M,1,LFS,86,1,n/a,11.5,9.79,,0.43,1,38.04598,-121.909917
726213,2/23/2025,MWTR,SB018M,2,LFS,90,1,n/a,11.6,9.71,,0.46,1,38.04598,-121.909917
726213,2/23/2025,MWTR,SB018M,2,LFS,109,1,n/a,11.6,9.71,,0.46,1,38.04598,-121.909917
726214,2/23/2025,MWTR,SB018M,3,LFS,86,1,n/a,11.5,9.79,,0.44,1,38.04598,-121.909917
726214,2/23/2025,MWTR,SB018M,3,LFS,104,1,n/a,11.5,9.79,,0.44,1,38.04598,-121.909917
726214,2/23/2025,MWTR,SB018M,3,LFS,109,1,n/a,11.5,9.79,,0.44,1,38.04598,-121.909917
726215,2/23/2025,MWTR,SB018M,4,LFS,75,1,n/a,11.6,9.65,,0.38,1,38.04598,-121.909917
726215,2/23/2025,MWTR,SB018M,4,LFS,77,2,n/a,11.6,9.65,,0.38,1,38.04598,-121.909917
726215,2/23/2025,MWTR,SB018M,4,LFS,83,1,n/a,11.6,9.65,,0.38,1,38.04598,-121.909917
726215,2/23/2025,MWTR,SB018M,4,LFS,84,1,n/a,11.6,9.65,,0.38,1,38.04598,-121.909917
726215,2/23/2025,MWTR,SB018M,4,LFS,85,1,n/a,11.6,9.65,,0.38,1,38.04598,-121.909917
726215,2/23/2025,MWTR,SB018M,4,LFS,86,1,n/a,11.6,9.65,,0.38,1,38.04598,-121.909917
726215,2/23/2025,MWTR,SB018M,4,LFS,88,1,n/a,11.6,9.65,,0.38,1,38.04598,-121.909917
726215,2/23/2025,MWTR,SB018M,4,LFS,94,1,n/a,11.6,9.65,,0.38,1,38.04598,-121.909917
726215,2/23/2025,MWTR,SB018M,4,LFS,104,1,n/a,11.6,9.65,,0.38,1,38.04598,-121.909917
726215,2/23/2025,MWTR,SB018M,4,LFS,107,1,n/a,11.6,9.65,,0.38,1,38.04598,-121.909917
726215,2/23/2025,MWTR,SB018M,4,LFS,109,1,n/a,11.6,9.65,,0.38,1,38.04598,-121.909917
726215,2/23/2025,MWTR,SB018M,4,LFS,111,1,n/a,11.6,9.65,,0.38,1,38.04598,-121.909917
726215,2/23/2025,MWTR,SB018M,4,LFS,114,1,n/a,11.6,9.65,,0.38,1,38.04598,-121.909917
726215,2/23/2025,MWTR,SB018M,4,LFS,121,1,n/a,11.6,9.65,,0.38,1,38.04598,-121.909917
726221,2/23/2025,MWTR,SB018S,5,LFS,80,1,n/a,11.4,10.04,,0.53,1,38.04283,-121.909917
726222,2/23/2025,MWTR,SB018S,6,LFS,79,1,n/a,11.4,9.78,,0.49,1,38.04283,-121.909917
726222,2/23/2025,MWTR,SB018S,6,LFS,83,1,n/a,11.4,9.78,,0.49,1,38.04283,-121.909917
726222,2/23/2025,MWTR,SB018S,6,LFS,84,2,n/a,11.4,9.78,,0.49,1,38.04283,-121.909917
726222,2/23/2025,MWTR,SB018S,6,LFS,89,1,n/a,11.4,9.78,,0.49,1,38.04283,-121.909917
726222,2/23/2025,MWTR,SB018S,6,LFS,111,2,n/a,11.4,9.78,,0.49,1,38.04283,-121.909917
726222,2/23/2025,MWTR,SB018S,6,LFS,112,1,n/a,11.4,9.78,,0.49,1,38.04283,-121.909917
726223,2/23/2025,MWTR,SB018S,7,LFS,78,1,n/a,11.4,9.81,,0.51,1,38.04283,-121.909917
726223,2/23/2025,MWTR,SB018S,7,LFS,82,1,n/a,11.4,9.81,,0.51,1,38.04283,-121.909917
726223,2/23/2025,MWTR,SB018S,7,LFS,83,2,n/a,11.4,9.81,,0.51,1,38.04283,-121.909917
726223,2/23/2025,MWTR,SB018S,7,LFS,87,1,n/a,11.4,9.81,,0.51,1,38.04283,-121.909917
726223,2/23/2025,MWTR,SB018S,7,LFS,91,1,n/a,11.4,9.81,,0.51,1,38.04283,-121.909917
726223,2/23/2025,MWTR,SB018S,7,LFS,103,1,n/a,11.4,9.81,,0.51,1,38.04283,-121.909917
726223,2/23/2025,MWTR,SB018S,7,LFS,106,1,n/a,11.4,9.81,,0.51,1,38.04283,-121.909917
726224,2/23/2025,MWTR,SB018N,8,LFS,75,1,n/a,11.6,9.93,,0.44,1,38.047967,-121.909917
726224,2/23/2025,MWTR,SB018N,8,LFS,86,1,n/a,11.6,9.93,,0.44,1,38.047967,-121.909917
726225,2/23/2025,MWTR,SB018N,9,LFS,96,1,n/a,11.8,9.93,,0.39,1,38.047967,-121.909917
726226,2/23/2025,MWTR,SB018N,10,LFS,86,1,n/a,11.8,9.8,,0.33,1,38.047967,-121.909917
726226,2/23/2025,MWTR,SB018N,10,LFS,90,1,n/a,11.8,9.8,,0.33,1,38.047967,-121.909917
726240,2/24/2025,MWTR,SB018M,1,LFS,96,1,n/a,11.9,9.82,,0.4,1,38.04598,-121.909917
726241,2/24/2025,MWTR,SB018M,2,LFS,80,1,n/a,11.7,9.78,,0.43,1,38.04598,-121.909917
726244,2/24/2025,MWTR,SB018N,5,LFS,80,1,n/a,11.9,9.63,,0.41,1,38.047967,-121.909917
726246,2/24/2025,MWTR,SB018N,7,LFS,90,1,n/a,11.9,9.6,,0.32,1,38.047967,-121.909917
726246,2/24/2025,MWTR,SB018N,7,LFS,109,1,n/a,11.9,9.6,,0.32,1,38.047967,-121.909917
726247,2/24/2025,MWTR,SB018S,8,LFS,83,1,n/a,11.8,9.83,,0.49,1,38.04283,-121.909917
726251,2/25/2025,MWTR,SB018S,2,LFS,84,1,n/a,12,9.79,,0.42,1,38.04283,-121.909917
726251,2/25/2025,MWTR,SB018S,2,LFS,90,1,n/a,12,9.79,,0.42,1,38.04283,-121.909917
726275,2/25/2025,MWTR,SB018S,3,LFS,75,1,n/a,12,9.77,,0.37,1,38.04283,-121.909917
726275,2/25/2025,MWTR,SB018S,3,LFS,82,1,n/a,12,9.77,,0.37,1,38.04283,-121.909917
726275,2/25/2025,MWTR,SB018S,3,LFS,83,1,n/a,12,9.77,,0.37,1,38.04283,-121.909917
726275,2/25/2025,MWTR,SB018S,3,LFS,109,1,n/a,12,9.77,,0.37,1,38.04283,-121.909917
726276,2/25/2025,MWTR,SB018S,4,LFS,120,1,n/a,12.2,9.74,,0.42,1,38.04283,-121.909917
726377,2/26/2025,MWTR,SB018N,1,LFS,93,1,n/a,12,9.92,,0.37,1,38.047967,-121.909917
726379,2/26/2025,MWTR,SB018N,2,LFS,80,1,n/a,12.1,9.86,,0.33,1,38.047967,-121.909917
726383,2/26/2025,MWTR,SB018M,5,LFS,90,1,n/a,12.6,9.69,,0.39,1,38.04598,-121.909917
726387,2/26/2025,MWTR,SB018S,7,LFS,82,1,n/a,12.9,9.65,,0.39,1,38.04283,-121.909917
726389,2/26/2025,MWTR,SB018S,8,LFS,96,1,n/a,12.4,9.7,,0.41,1,38.04283,-121.909917
726389,2/26/2025,MWTR,SB018S,8,LFS,105,1,n/a,12.4,9.7,,0.41,1,38.04283,-121.909917
726391,2/26/2025,MWTR,SB018S,9,LFS,85,1,n/a,12.9,9.68,,0.43,1,38.04283,-121.909917
726391,2/26/2025,MWTR,SB018S,9,LFS,87,1,n/a,12.9,9.68,,0.43,1,38.04283,-121.909917
726505,2/27/2025,MWTR,SB018N,5,LFS,73,1,n/a,12.1,9.97,,0.41,1,38.047967,-121.909917
726507,2/27/2025,MWTR,SB018N,7,LFS,80,1,n/a,12.2,9.84,,0.41,1,38.047967,-121.909917
726507,2/27/2025,MWTR,SB018N,7,LFS,90,1,n/a,12.2,9.84,,0.41,1,38.047967,-121.909917
726526,3/2/2025,MWTR,SB018M,2,LFS,82,1,n/a,12.5,9.94,,0.38,1,38.04598,-121.909917
726609,3/3/2025,MWTR,SB018N,2,LFS,84,1,n/a,12.3,10.25,,0.28,1,38.047967,-121.909917
726609,3/3/2025,MWTR,SB018N,2,LFS,88,1,n/a,12.3,10.25,,0.28,1,38.047967,-121.909917
726612,3/3/2025,MWTR,SB018M,5,LFS,79,1,n/a,12.3,10.4,,0.24,1,38.04598,-121.909917
726718,3/5/2025,MWTR,SB018S,1,LFS,81,1,n/a,12.6,9.95,,0.47,1,38.04283,-121.909917
726718,3/5/2025,MWTR,SB018S,1,LFS,86,1,n/a,12.6,9.95,,0.47,1,38.04283,-121.909917
726719,3/5/2025,MWTR,SB018S,2,LFS,84,1,n/a,12.6,9.99,,0.49,1,38.04283,-121.909917
726725,3/5/2025,MWTR,SB018N,8,LFS,80,1,n/a,12.6,10.08,,0.48,1,38.047967,-121.909917
726769,3/6/2025,MWTR,SB018M,2,LFS,78,1,n/a,12.4,10.11,,0.39,1,38.04598,-121.909917
726771,3/6/2025,MWTR,SB018M,3,LFS,75,1,n/a,12.4,10.15,,0.36,1,38.04598,-121.909917
727510,3/24/2025,MWTR,SB018N,8,LFS,95,1,n/a,12.7,10.45,,0.53,1,38.047967,-121.909917
727513,3/24/2025,MWTR,SB018N,9,LFS,87,1,n/a,12.7,10.49,,0.52,1,38.047967,-121.909917
729113,5/7/2025,MWTR,SB018N,7,LFS,96,1,L,17.6,9.16,,0.49,1,38.047967,-121.909917
729879,6/4/2025,MWTR,SB018M,4,LFS,27,1,L,20.2,8.71,,0.51,1,38.04598,-121.909917
729885,6/4/2025,MWTR,SB018N,9,LFS,34,1,L,20.4,8.3,,0.41,1,38.047967,-121.909917
